{"Nice(43.6597689, 7.2148214)": {"count": 620.25, "country": "France", "MCM": {"count": 620.25, "airports": {"NCE": {"7freq": 620.25, "airlines": {"Flex Flight": {"7freq": 324.0}, "Direktflyg": {"7freq": 140.5}}}}}, "coords": [43.6597689, 7.214821400000001]}}